{"stats":{"minecraft:used":{"minecraft:redstone_torch":180,"minecraft:sticky_piston":11,"minecraft:lever":10,"minecraft:purple_concrete":29,"minecraft:repeater":127,"minecraft:redstone_lamp":51,"minecraft:lime_concrete":632,"minecraft:light_blue_concrete":182,"minecraft:orange_concrete":385,"minecraft:redstone":319,"minecraft:oak_sign":5,"minecraft:smooth_stone_slab":2,"minecraft:observer":12},"minecraft:custom":{"minecraft:time_since_rest":61543,"minecraft:crouch_one_cm":636,"minecraft:sprint_one_cm":827,"minecraft:play_time":61543,"minecraft:walk_one_cm":25072,"minecraft:sneak_time":2232,"minecraft:jump":97,"minecraft:leave_game":1,"minecraft:time_since_death":61543,"minecraft:total_world_time":76826,"minecraft:fly_one_cm":198714},"minecraft:picked_up":{"minecraft:repeater":7,"minecraft:lever":1,"minecraft:redstone_torch":5,"minecraft:redstone":9}},"DataVersion":3105}